Global Volcanism Program - Volcanoes of the World 5.1.7,,,Downloaded on 30 May 2024 at 04:39 PM,,,,,,,,,,,,,,,,,,,,,,
Volcano Number,Volcano Name,Primary Volcano Type,Last Eruption Year,Country,Region,Subregion,Latitude,Longitude,Elevation,Tectonic Settings,Evidence Category,Major Rock 1,Major Rock 2,Major Rock 3,Major Rock 4,Major Rock 5,Minor Rock 1,Minor Rock 2,Minor Rock 3,Minor Rock 4,Minor Rock 5,Population within 5 km,Population within 10 km,Population within 30 km,Population within 100 km
321040,Adams,Stratovolcano,950,United States,Canada and Western USA,USA (Washington),46.206,-121.49,3742,Subduction zone / Continental crust (>25 km),Eruption Dated,Andesite / Basaltic Andesite,Basalt / Picro-Basalt, , , ,Dacite, , , , ,0,70,4019,393303
284160,Agrigan,Stratovolcano,1917,United States,"Japan, Taiwan, Marianas","Izu, Volcano, and Mariana Islands",18.77,145.67,965,Subduction zone / Crustal thickness unknown,Eruption Observed,Basalt / Picro-Basalt,Andesite / Basaltic Andesite, , , , , , , , ,0,0,0,0
284141,Ahyi,Stratovolcano,2024,United States,"Japan, Taiwan, Marianas","Izu, Volcano, and Mariana Islands",20.42,145.03,-75,Subduction zone / Crustal thickness unknown,Eruption Dated,Andesite / Basaltic Andesite,Basalt / Picro-Basalt, , , , , , , , ,0,0,0,0
311320,Akutan,Stratovolcano,1992,United States,Alaska,Aleutian Islands,54.134,-165.986,1303,Subduction zone / Intermediate crust (15-25 km),Eruption Observed,Basalt / Picro-Basalt,Andesite / Basaltic Andesite,Trachyandesite / Basaltic Trachyandesite, , ,Trachyte / Trachydacite,Dacite, , , ,0,24,233,4361
284180,Alamagan,Stratovolcano,870,United States,"Japan, Taiwan, Marianas","Izu, Volcano, and Mariana Islands",17.6,145.83,744,Subduction zone / Crustal thickness unknown,Eruption Dated,Andesite / Basaltic Andesite,Basalt / Picro-Basalt, , , , , , , , ,0,0,0,0
320020,Alligator Lake,Volcanic field,Unknown,Canada,Canada and Western USA,Canada,60.42,-135.42,2217,Intraplate / Continental crust (>25 km),Evidence Credible,Basalt / Picro-Basalt,Trachybasalt / Tephrite Basanite, , , , , , , , ,0,0,47,20636
311390,Amak,Stratovolcano,1796,United States,Alaska,Aleutian Islands,55.4184,-163.1472,547,Subduction zone / Continental crust (>25 km),Eruption Observed,Andesite / Basaltic Andesite, , , , , , , , , ,0,0,0,1345
311190,Amukta,Stratovolcano,1997,United States,Alaska,Aleutian Islands,52.5,-171.252,1066,Subduction zone / Intermediate crust (15-25 km),Eruption Observed,Andesite / Basaltic Andesite, , , , , , , , , ,0,0,0,0
284200,Anatahan,Stratovolcano,2008,United States,"Japan, Taiwan, Marianas","Izu, Volcano, and Mariana Islands",16.35,145.67,790,Subduction zone / Crustal thickness unknown,Eruption Observed,Andesite / Basaltic Andesite,Dacite,Basalt / Picro-Basalt,Trachyandesite / Basaltic Trachyandesite, , , , , , ,0,0,0,0
312090,Aniakchak,Caldera,1931,United States,Alaska,Alaska Peninsula,56.88,-158.17,1341,Subduction zone / Continental crust (>25 km),Eruption Observed,Andesite / Basaltic Andesite,Dacite, , , ,Basalt / Picro-Basalt,Trachyte / Trachydacite,Trachyandesite / Basaltic Trachyandesite, , ,0,0,36,479
284150,Asuncion,Stratovolcano,1906,United States,"Japan, Taiwan, Marianas","Izu, Volcano, and Mariana Islands",19.671,145.406,857,Subduction zone / Crustal thickness unknown,Eruption Observed,Andesite / Basaltic Andesite, , , , , , , , , ,0,0,0,0
311160,Atka Volcanic Complex,Stratovolcano(es),2024,United States,Alaska,Aleutian Islands,52.331,-174.139,1518,Subduction zone / Intermediate crust (15-25 km),Eruption Observed,Basalt / Picro-Basalt,Dacite,Andesite / Basaltic Andesite, , , , , , , ,0,0,207,207
320030,Atlin Volcanic Field,Pyroclastic cone(s),Unknown,Canada,Canada and Western USA,Canada,59.708,-133.358,1880,Intraplate / Continental crust (>25 km),Evidence Credible,Trachybasalt / Tephrite Basanite,Basalt / Picro-Basalt, , , ,Foidite, , , , ,0,0,94,956
341094,"Atlixcos, Los",Shield,Unknown,Mexico,México and Central America,Mexico,19.81,-96.527,775,Subduction zone / Continental crust (>25 km),Evidence Credible,Basalt / Picro-Basalt,Andesite / Basaltic Andesite, , , ,Dacite, , , , ,5792,13732,115456,2971490
313010,Augustine,Lava dome(s),2006,United States,Alaska,Alaska (southwestern),59.3626,-153.435,1218,Subduction zone / Continental crust (>25 km),Eruption Observed,Andesite / Basaltic Andesite,Dacite, , , ,Rhyolite,Basalt / Picro-Basalt,Trachyandesite / Basaltic Trachyandesite, , ,0,0,0,759
322090,Bachelor,Stratovolcano,-5800,United States,Canada and Western USA,USA (Oregon),43.979,-121.688,2763,Subduction zone / Continental crust (>25 km),Eruption Dated,Andesite / Basaltic Andesite,Basalt / Picro-Basalt, , , , , , , , ,18,24,22514,231420
321010,Baker,Stratovolcano(es),1880,United States,Canada and Western USA,USA (Washington),48.777,-121.813,3285,Subduction zone / Continental crust (>25 km),Eruption Observed,Andesite / Basaltic Andesite,Dacite, , , ,Basalt / Picro-Basalt, , , , ,0,46,8568,1990504
341020,Barcena,Pyroclastic cone(s),1953,Mexico,México and Central America,Mexico,19.3,-110.82,332,Rift zone / Oceanic crust (< 15 km),Eruption Observed,Trachyte / Trachydacite,Trachybasalt / Tephrite Basanite,Trachyandesite / Basaltic Trachyandesite,Rhyolite,Basalt / Picro-Basalt, , , , , ,0,0,0,0
315070,Behm Canal-Rudyerd Bay,Volcanic field,Unknown,United States,Alaska,Alaska (eastern),55.35,-131,500,Intraplate / Continental crust (>25 km),Evidence Uncertain,Basalt / Picro-Basalt,Andesite / Basaltic Andesite,Trachyandesite / Basaltic Trachyandesite, , , , , , , ,0,0,6,15569
322060,Belknap,Shield(s),480,United States,Canada and Western USA,USA (Oregon),44.285,-121.841,2095,Subduction zone / Continental crust (>25 km),Eruption Dated,Andesite / Basaltic Andesite,Basalt / Picro-Basalt, , , , , , , , ,0,0,6518,362091
324010,Black Butte Crater Lava Field,Shield,-8400,United States,Canada and Western USA,USA (Idaho),43.183,-114.352,1478,Rift zone / Continental crust (>25 km),Eruption Dated,Basalt / Picro-Basalt, , , , , , , , , ,119,158,4440,171376
312080,Black Peak,Stratovolcano,-1900,United States,Alaska,Alaska Peninsula,56.552,-158.785,1032,Subduction zone / Continental crust (>25 km),Eruption Dated,Andesite / Basaltic Andesite,Dacite, , , , , , , , ,0,0,0,478
327050,Black Rock Desert,Volcanic field,1290,United States,Canada and Western USA,USA (Utah),38.97,-112.5,1800,Rift zone / Continental crust (>25 km),Eruption Dated,Basalt / Picro-Basalt,Andesite / Basaltic Andesite, , , ,Rhyolite, , , , ,3292,3292,3679,54291
322030,Blue Lake Crater,Maar,680,United States,Canada and Western USA,USA (Oregon),44.4125,-121.7686,1136,Subduction zone / Continental crust (>25 km),Eruption Dated,Basalt / Picro-Basalt, , , , , , , , , ,19,308,6914,286219
311100,Bobrof,Stratovolcano,Unknown,United States,Alaska,Aleutian Islands,51.91,-177.438,738,Subduction zone / Intermediate crust (15-25 km),Evidence Uncertain,Basalt / Picro-Basalt,Andesite / Basaltic Andesite, , , , , , , , ,0,0,0,0
311300,Bogoslof,Stratovolcano,2017,United States,Alaska,Aleutian Islands,53.93,-168.03,150,Subduction zone / Intermediate crust (15-25 km),Eruption Observed,Trachyandesite / Basaltic Trachyandesite,Basalt / Picro-Basalt,Andesite / Basaltic Andesite, , , , , , , ,0,0,0,4216
320170,Bridge River Cones,Volcanic field,Unknown,Canada,Canada and Western USA,Canada,50.8,-123.4,2500,Subduction zone / Continental crust (>25 km),Evidence Credible,Basalt / Picro-Basalt,Trachybasalt / Tephrite Basanite, , , , , , , , ,55,55,219,15871
311010,Buldir,Stratovolcano,Unknown,United States,Alaska,Aleutian Islands,52.35,175.911,656,Subduction zone / Intermediate crust (15-25 km),Evidence Uncertain,Basalt / Picro-Basalt,Andesite / Basaltic Andesite, , , , , , , , ,0,0,0,0
315001,Buzzard Creek,Tuff ring(s),-1050,United States,Alaska,Alaska (eastern),64.0616,-148.4327,830,Subduction zone / Continental crust (>25 km),Eruption Dated,Basalt / Picro-Basalt, , , , , , , , , ,0,0,12,79489
311230,Carlisle,Stratovolcano,1828,United States,Alaska,Aleutian Islands,52.894,-170.054,1620,Subduction zone / Intermediate crust (15-25 km),Eruption Observed,Andesite / Basaltic Andesite, , , , , , , , , ,0,0,0,30
327110,Carrizozo,Pyroclastic cone(s),-3250,United States,Canada and Western USA,USA (New Mexico),33.78,-105.93,1731,Rift zone / Continental crust (>25 km),Eruption Dated,Basalt / Picro-Basalt, , , , , , , , , ,2,11,2596,89711
320811,Cayley Volcanic Field,Volcanic field,Unknown,Canada,Canada and Western USA,Canada,50.12,-123.28,2375,Subduction zone / Continental crust (>25 km),Evidence Credible,Andesite / Basaltic Andesite,Dacite, , , , , , , , ,0,0,0,0
341030,Ceboruco,Stratovolcano,1875,Mexico,México and Central America,Mexico,21.125,-104.508,2280,Subduction zone / Continental crust (>25 km),Eruption Observed,Andesite / Basaltic Andesite,Dacite, , , ,Rhyolite,Trachyandesite / Basaltic Trachyandesite,Trachyte / Trachydacite, , ,616,30319,93057,1282014
311200,Chagulak,Stratovolcano,Unknown,United States,Alaska,Aleutian Islands,52.577,-171.13,1142,Subduction zone / Intermediate crust (15-25 km),Evidence Credible,Andesite / Basaltic Andesite, , , , , , , , , ,0,0,0,0
341080,Chichinautzin,Volcanic field,399,Mexico,México and Central America,Mexico,19.139,-99.16,3938,Subduction zone / Continental crust (>25 km),Eruption Dated,Andesite / Basaltic Andesite,Trachyandesite / Basaltic Trachyandesite,Dacite,Basalt / Picro-Basalt, ,Trachybasalt / Tephrite Basanite, , , , ,584725,584725,4061942,28030794
341120,"Chichon, El",Lava dome(s),1982,Mexico,México and Central America,Mexico,17.3602,-93.2297,1150,Subduction zone / Continental crust (>25 km),Eruption Observed,Trachyandesite / Basaltic Trachyandesite, , , , ,Trachybasalt / Tephrite Basanite,Andesite / Basaltic Andesite, , , ,3759,11000,143015,3570632
312110,Chiginagak,Stratovolcano,1998,United States,Alaska,Alaska Peninsula,57.135,-156.99,2221,Subduction zone / Continental crust (>25 km),Eruption Observed,Andesite / Basaltic Andesite,Dacite, , , ,Basalt / Picro-Basalt, , , , ,0,0,0,52
315030,Churchill,Stratovolcano,847,United States,Alaska,Alaska (eastern),61.38,-141.75,5005,Intraplate / Continental crust (>25 km),Eruption Dated,Dacite, , , , , , , , , ,0,0,0,95
322150,Cinnamon Butte,Pyroclastic cone(s),Unknown,United States,Canada and Western USA,USA (Oregon),43.2411,-122.1111,1958,Subduction zone / Continental crust (>25 km),Evidence Uncertain,Basalt / Picro-Basalt, , , , , , , , , ,113,113,913,69577
323100,Clear Lake Volcanic Field,Volcanic field,Unknown,United States,Canada and Western USA,USA (California),38.97,-122.77,1439,Subduction zone / Continental crust (>25 km),Evidence Credible,Dacite,Andesite / Basaltic Andesite,Rhyolite,Basalt / Picro-Basalt, , , , , , ,52801,52801,71791,1059280
311240,Cleveland,Stratovolcano,2020,United States,Alaska,Aleutian Islands,52.825,-169.944,1730,Subduction zone / Intermediate crust (15-25 km),Eruption Observed,Andesite / Basaltic Andesite,Dacite, , , , , , , , ,0,0,0,9
331011,Cobb Segment,Fissure vent(s),-1180,Canada,Hawaii and Pacific Ocean,Pacific Ocean (northern),46.88,-129.33,-2100,Rift zone / Oceanic crust (< 15 km),Eruption Dated,Basalt / Picro-Basalt, , , , , , , , , ,0,0,0,0
341096,Cofre de Perote,Compound,1150,Mexico,México and Central America,Mexico,19.492,-97.15,4282,Subduction zone / Continental crust (>25 km),Eruption Dated,Andesite / Basaltic Andesite,Dacite, , , ,Basalt / Picro-Basalt,Trachybasalt / Tephrite Basanite,Trachyandesite / Basaltic Trachyandesite, , ,658,18638,885440,4907992
341040,Colima,Stratovolcano(es),2019,Mexico,México and Central America,Mexico,19.514,-103.62,3850,Subduction zone / Continental crust (>25 km),Eruption Observed,Andesite / Basaltic Andesite, , , , ,Dacite,Trachybasalt / Tephrite Basanite,Trachyandesite / Basaltic Trachyandesite,Basalt / Picro-Basalt, ,76,746,303490,1494790
341012,Comondu-La Purisima,Volcanic field,Unknown,Mexico,México and Central America,Mexico,26,-111.92,780,Rift zone / Continental crust (>25 km),Evidence Uncertain,Trachyandesite / Basaltic Trachyandesite,Andesite / Basaltic Andesite,Basalt / Picro-Basalt, , , , , , , ,1033,1033,2365,43271
341005,Coronado,Stratovolcano,Unknown,Mexico,México and Central America,Mexico,29.08,-113.513,440,Rift zone / Continental crust (>25 km),Unrest / Holocene,No Data (checked), , , , , , , , , ,2,37,1096,17157
322160,Crater Lake,Caldera,-2850,United States,Canada and Western USA,USA (Oregon),42.942,-122.107,2487,Subduction zone / Continental crust (>25 km),Eruption Dated,Dacite,Andesite / Basaltic Andesite, , , ,Basalt / Picro-Basalt, , , , ,52,52,366,272674
324020,Craters of the Moon,Volcanic field,-130,United States,Canada and Western USA,USA (Idaho),43.371,-113.493,2005,Rift zone / Continental crust (>25 km),Eruption Dated,Basalt / Picro-Basalt,Trachybasalt / Tephrite Basanite,Trachyandesite / Basaltic Trachyandesite, , , , , , , ,15,15,1459,93300
320110,Crow Lagoon,Pyroclastic cone,Unknown,Canada,Canada and Western USA,Canada,54.7,-130.23,335,Intraplate / Continental crust (>25 km),Evidence Credible,Basalt / Picro-Basalt, , , , , , , , , ,0,0,456,13541
341098,"Cumbres,  Las",Stratovolcano,-3920,Mexico,México and Central America,Mexico,19.15,-97.27,3940,Subduction zone / Continental crust (>25 km),Eruption Dated,Andesite / Basaltic Andesite,Dacite,Rhyolite, , , , , , , ,113,1923,315004,6365085
284137,Daikoku,Stratovolcano,Unknown,United States,"Japan, Taiwan, Marianas","Izu, Volcano, and Mariana Islands",21.324,144.194,-323,Subduction zone / Crustal thickness unknown,Unrest / Holocene,Andesite / Basaltic Andesite, , , , , , , , , ,0,0,0,0
312050,Dana,Stratovolcano,-1890,United States,Alaska,Alaska Peninsula,55.641,-161.214,1354,Subduction zone / Continental crust (>25 km),Eruption Dated,Andesite / Basaltic Andesite,Dacite, , , , , , , , ,0,0,0,1814
311040,Davidof,Stratovolcano,Unknown,United States,Alaska,Aleutian Islands,51.97,178.33,328,Subduction zone / Intermediate crust (15-25 km),Evidence Uncertain,No Data (checked), , , , , , , , , ,0,0,0,0
322100,Davis Lake,Volcanic field,-2790,United States,Canada and Western USA,USA (Oregon),43.57,-121.82,2163,Subduction zone / Continental crust (>25 km),Eruption Dated,Andesite / Basaltic Andesite, , , , , , , , , ,1440,1440,7483,164597
312210,Denison,Stratovolcano,Unknown,United States,Alaska,Alaska Peninsula,58.418,-154.449,2287,Subduction zone / Continental crust (>25 km),Evidence Uncertain,Andesite / Basaltic Andesite,Dacite, , , , , , , , ,0,0,0,119
322120,Devils Garden,Volcanic field,Unknown,United States,Canada and Western USA,USA (Oregon),43.512,-120.861,1698,Rift zone / Continental crust (>25 km),Evidence Uncertain,Basalt / Picro-Basalt, , , , , , , , , ,51,51,287,162601
322170,Diamond Craters,Volcanic field,-5610,United States,Canada and Western USA,USA (Oregon),43.1,-118.75,1435,Rift zone / Continental crust (>25 km),Eruption Dated,Basalt / Picro-Basalt, , , , , , , , , ,66,66,136,6969
328010,Dotsero,Maar,-2200,United States,Canada and Western USA,USA (Colorado),39.661,-107.035,2230,Rift zone / Continental crust (>25 km),Eruption Dated,Basalt / Picro-Basalt, , , , , , , , , ,725,4821,30534,182405
312270,Douglas,Stratovolcano,Unknown,United States,Alaska,Alaska Peninsula,58.855,-153.542,2140,Subduction zone / Continental crust (>25 km),Evidence Credible,Andesite / Basaltic Andesite, , , , , , , , , ,0,0,0,134
315050,Duncan Canal,Volcanic field,Unknown,United States,Alaska,Alaska (eastern),56.5,-133.1,15,Subduction zone / Continental crust (>25 km),Evidence Credible,Basalt / Picro-Basalt, , , , , , , , , ,0,0,60,7558
341022,Durango Volcanic Field,Volcanic field,Unknown,Mexico,México and Central America,Mexico,24.15,-104.45,2075,Subduction zone / Continental crust (>25 km),Evidence Credible,Trachybasalt / Tephrite Basanite,Basalt / Picro-Basalt, , , , , , , , ,571282,571282,571282,797133
312011,Dutton,Stratovolcano,Unknown,United States,Alaska,Alaska Peninsula,55.183,-162.276,1465,Subduction zone / Continental crust (>25 km),Evidence Credible,Andesite / Basaltic Andesite,Dacite, , , , , , , , ,0,445,859,1090
284201,East Diamante,Stratovolcano,Unknown,United States,"Japan, Taiwan, Marianas","Izu, Volcano, and Mariana Islands",15.93,145.67,-127,Subduction zone / Crustal thickness unknown,Unrest / Holocene,Dacite, , , , , , , , , ,0,0,0,76403
315040,Edgecumbe,Volcanic field,-2080,United States,Alaska,Alaska (eastern),57.05,-135.75,970,Intraplate / Continental crust (>25 km),Eruption Dated,Andesite / Basaltic Andesite,Basalt / Picro-Basalt,Rhyolite,Dacite, , , , , , ,0,0,6613,7074
320060,Edziza,Stratovolcano,950,Canada,Canada and Western USA,Canada,57.72,-130.63,2786,Intraplate / Continental crust (>25 km),Eruption Dated,Trachyte / Trachydacite,Basalt / Picro-Basalt,Trachybasalt / Tephrite Basanite,Rhyolite, ,Trachyandesite / Basaltic Trachyandesite, , , , ,0,0,0,898
312020,Emmons Lake Volcanic Center,Caldera,Unknown,United States,Alaska,Alaska Peninsula,55.3519,-162.0445,1534,Subduction zone / Continental crust (>25 km),Evidence Credible,Andesite / Basaltic Andesite,Basalt / Picro-Basalt,Rhyolite, , , , , , , ,0,0,686,1199
331010,Endeavour Segment,Fissure vent(s),-3490,Canada,Hawaii and Pacific Ocean,Pacific Ocean (northern),47.95,-129.1,-2050,Rift zone / Oceanic crust (< 15 km),Eruption Dated,Basalt / Picro-Basalt, , , , , , , , , ,0,0,0,0
331040,Escanaba Segment,Fissure vent(s),-2260,United States,Hawaii and Pacific Ocean,Pacific Ocean (northern),40.98,-127.5,-1700,Rift zone / Oceanic crust (< 15 km),Eruption Dated,Basalt / Picro-Basalt, , , , , , , , , ,0,0,0,0
284210,Esmeralda Bank,Stratovolcano,Unknown,United States,"Japan, Taiwan, Marianas","Izu, Volcano, and Mariana Islands",14.958,145.249,-74,Subduction zone / Crustal thickness unknown,Unrest / Holocene,Basalt / Picro-Basalt,Andesite / Basaltic Andesite, , , , , , , , ,0,0,0,84578
284140,Farallon de Pajaros,Stratovolcano,1953,United States,"Japan, Taiwan, Marianas","Izu, Volcano, and Mariana Islands",20.546,144.893,337,Subduction zone / Crustal thickness unknown,Eruption Observed,Andesite / Basaltic Andesite, , , , , , , , , ,0,0,0,0
311350,Fisher,Stratovolcano,1830,United States,Alaska,Aleutian Islands,54.65,-164.43,1112,Subduction zone / Continental crust (>25 km),Eruption Observed,Andesite / Basaltic Andesite,Dacite,Basalt / Picro-Basalt,Trachyte / Trachydacite, , , , , , ,0,0,0,25
284220,Forecast Seamount,Stratovolcano,Unknown,United States,"Japan, Taiwan, Marianas","Izu, Volcano, and Mariana Islands",13.4,143.92,-1456,Subduction zone / Crustal thickness unknown,Unrest / Holocene,No Data (checked), , , , , , , , , ,0,0,0,143992
320010,Fort Selkirk,Volcanic field,Unknown,Canada,Canada and Western USA,Canada,62.93,-137.38,1239,Intraplate / Continental crust (>25 km),Evidence Uncertain,Trachybasalt / Tephrite Basanite,Basalt / Picro-Basalt,Foidite, , , , , , , ,6,6,6,491
312260,Fourpeaked,Stratovolcano,2006,United States,Alaska,Alaska Peninsula,58.77,-153.672,2105,Subduction zone / Continental crust (>25 km),Eruption Observed,Andesite / Basaltic Andesite, , , , , , , , , ,0,0,0,165
312010,Frosty,Stratovolcano(es),Unknown,United States,Alaska,Alaska Peninsula,55.067,-162.835,1728,Subduction zone / Continental crust (>25 km),Evidence Credible,Andesite / Basaltic Andesite,Basalt / Picro-Basalt, , , , , , , , ,0,0,67,1153
284133,Fukujin,Stratovolcano,1974,United States,"Japan, Taiwan, Marianas","Izu, Volcano, and Mariana Islands",21.93,143.47,-217,Subduction zone / Crustal thickness unknown,Eruption Observed,Andesite / Basaltic Andesite, , , , , , , , , ,0,0,0,0
311070,Gareloi,Stratovolcano,1989,United States,Alaska,Aleutian Islands,51.79,-178.794,1573,Subduction zone / Intermediate crust (15-25 km),Eruption Observed,Basalt / Picro-Basalt,Andesite / Basaltic Andesite, , , , , , , , ,0,0,0,0
320200,Garibaldi,Stratovolcano,-8060,Canada,Canada and Western USA,Canada,49.85,-123,2678,Subduction zone / Continental crust (>25 km),Eruption Dated,Dacite,Andesite / Basaltic Andesite, , , , , , , , ,0,22,16058,2264818
320190,Garibaldi Lake,Volcanic field,Unknown,Canada,Canada and Western USA,Canada,49.933,-123,2316,Subduction zone / Continental crust (>25 km),Evidence Credible,Andesite / Basaltic Andesite,Basalt / Picro-Basalt, , , ,Dacite,Trachyandesite / Basaltic Trachyandesite, , , ,6635,6635,28109,2218089
321020,Glacier Peak,Stratovolcano,1700,United States,Canada and Western USA,USA (Washington),48.112,-121.113,3213,Subduction zone / Continental crust (>25 km),Eruption Dated,Dacite,Andesite / Basaltic Andesite, , , ,Basalt / Picro-Basalt, , , , ,0,0,23,1340896
341097,"Gloria, La",Volcanic field,Unknown,Mexico,México and Central America,Mexico,19.33,-97.25,3500,Subduction zone / Continental crust (>25 km),Evidence Credible,Andesite / Basaltic Andesite,Trachyandesite / Basaltic Trachyandesite,Basalt / Picro-Basalt, , ,Dacite, , , , ,108512,108512,290739,5697562
311120,Great Sitkin,Stratovolcano,2024,United States,Alaska,Aleutian Islands,52.076,-176.13,1740,Subduction zone / Intermediate crust (15-25 km),Eruption Observed,Andesite / Basaltic Andesite,Basalt / Picro-Basalt, , , ,Trachyte / Trachydacite, , , , ,0,0,0,0
312190,Griggs,Stratovolcano,-1790,United States,Alaska,Alaska Peninsula,58.354,-155.092,2317,Subduction zone / Continental crust (>25 km),Eruption Dated,Andesite / Basaltic Andesite, , , , ,Dacite, , , , ,0,0,0,654
284190,Guguan,Stratovolcano,1883,United States,"Japan, Taiwan, Marianas","Izu, Volcano, and Mariana Islands",17.307,145.845,287,Subduction zone / Crustal thickness unknown,Eruption Observed,Andesite / Basaltic Andesite,Basalt / Picro-Basalt, , , , , , , , ,0,0,0,0
332060,Haleakala,Shield,1750,United States,Hawaii and Pacific Ocean,Hawaiian Islands,20.708,-156.25,3055,Intraplate / Oceanic crust (< 15 km),Eruption Dated,Basalt / Picro-Basalt,Trachybasalt / Tephrite Basanite, , , , , , , , ,26074,26074,65398,157582
313050,Hayes,Stratovolcano,1200,United States,Alaska,Alaska (southwestern),61.64,-152.411,3034,Subduction zone / Continental crust (>25 km),Eruption Dated,Dacite, , , , , , , , , ,0,0,0,151
320040,Heart Peaks,Shield,Unknown,Canada,Canada and Western USA,Canada,58.6,-131.97,2012,Intraplate / Continental crust (>25 km),Evidence Uncertain,Basalt / Picro-Basalt,Trachybasalt / Tephrite Basanite,Rhyolite, , ,Trachyte / Trachydacite, , , , ,0,0,0,261
324040,Hell's Half Acre,Shield,-3250,United States,Canada and Western USA,USA (Idaho),43.5,-112.45,1631,Rift zone / Continental crust (>25 km),Eruption Dated,Basalt / Picro-Basalt, , , , , , , , , ,0,305,12646,295506
311220,Herbert,Stratovolcano,Unknown,United States,Alaska,Aleutian Islands,52.742,-170.111,1280,Subduction zone / Intermediate crust (15-25 km),Evidence Credible,Andesite / Basaltic Andesite, , , , , , , , , ,0,0,0,30
322010,Hood,Stratovolcano,1866,United States,Canada and Western USA,USA (Oregon),45.374,-121.695,3426,Subduction zone / Continental crust (>25 km),Eruption Observed,Andesite / Basaltic Andesite, , , , ,Dacite, , , , ,0,850,9721,2067520
320080,Hoodoo Mountain,Pyroclastic cone(s),-7050,Canada,Canada and Western USA,Canada,56.78,-131.28,1850,Intraplate / Continental crust (>25 km),Eruption Dated,Phonolite,Trachyte / Trachydacite, , , ,Basalt / Picro-Basalt, , , , ,0,0,0,2330
332040,Hualalai,Shield,1801,United States,Hawaii and Pacific Ocean,Hawaiian Islands,19.692,-155.87,2523,Intraplate / Oceanic crust (< 15 km),Eruption Observed,Basalt / Picro-Basalt, , , , ,Trachybasalt / Tephrite Basanite,Trachyte / Trachydacite, , , ,35906,35906,46959,166240
341093,"Humeros, Los",Caldera(s),-4470,Mexico,México and Central America,Mexico,19.68,-97.45,3150,Subduction zone / Continental crust (>25 km),Eruption Dated,Rhyolite,Andesite / Basaltic Andesite,Dacite,Basalt / Picro-Basalt, ,Trachyte / Trachydacite, , , , ,7461,27331,566898,5710131
313020,Iliamna,Stratovolcano,1876,United States,Alaska,Alaska (southwestern),60.032,-153.09,3053,Subduction zone / Continental crust (>25 km),Eruption Observed,Andesite / Basaltic Andesite, , , , ,Basalt / Picro-Basalt, , , , ,0,0,1,7564
314060,Imuruk Lake,Volcanic field,300,United States,Alaska,Alaska (western),65.517,-163.45,610,Intraplate / Continental crust (>25 km),Eruption Dated,Basalt / Picro-Basalt, , , , , , , , , ,0,0,0,0
321070,Indian Heaven,Volcanic field,-6250,United States,Canada and Western USA,USA (Washington),45.93,-121.82,1806,Subduction zone / Continental crust (>25 km),Eruption Dated,Basalt / Picro-Basalt,Andesite / Basaltic Andesite, , , , , , , , ,687,687,6911,2019828
314030,Ingakslugwat Hills,Volcanic field,Unknown,United States,Alaska,Alaska (western),61.43,-164.47,190,Intraplate / Continental crust (>25 km),Evidence Credible,Basalt / Picro-Basalt,Trachybasalt / Tephrite Basanite,Foidite, , , , , , , ,0,0,0,4271
320090,Iskut-Unuk River Cones,Pyroclastic cone(s),1800,Canada,Canada and Western USA,Canada,56.567,-130.75,1880,Intraplate / Continental crust (>25 km),Eruption Dated,Basalt / Picro-Basalt, , , , , , , , , ,0,0,0,663
341082,Iztaccihuatl,Stratovolcano,Unknown,Mexico,México and Central America,Mexico,19.179,-98.642,5230,Subduction zone / Continental crust (>25 km),Evidence Credible,Andesite / Basaltic Andesite,Dacite, , , ,Rhyolite,Basalt / Picro-Basalt,Trachyandesite / Basaltic Trachyandesite, , ,98,1343,1036172,27276280
331032,Jackson Segment,Fissure vent(s),Unknown,United States,Hawaii and Pacific Ocean,Pacific Ocean (northern),42.15,-127.05,-3100,Rift zone / Oceanic crust (< 15 km),Unrest / Holocene, , , , , , , , , , ,0,0,0,0
341004,Jaraguay Volcanic Field,Volcanic field,Unknown,Mexico,México and Central America,Mexico,29.33,-114.5,960,Rift zone / Continental crust (>25 km),Evidence Credible,Andesite / Basaltic Andesite,Trachyandesite / Basaltic Trachyandesite, , , , , , , , ,1933,1933,3141,21934
322020,Jefferson,Stratovolcano,950,United States,Canada and Western USA,USA (Oregon),44.674,-121.8,3199,Subduction zone / Continental crust (>25 km),Eruption Dated,Andesite / Basaltic Andesite,Dacite, , , ,Basalt / Picro-Basalt, , , , ,0,0,823,556054
341062,Jocotitlan,Stratovolcano,1270,Mexico,México and Central America,Mexico,19.73,-99.758,3900,Subduction zone / Continental crust (>25 km),Eruption Dated,Dacite,Andesite / Basaltic Andesite, , , , , , , , ,7220,84108,630469,24986674
322190,Jordan Craters,Volcanic field,-1250,United States,Canada and Western USA,USA (Oregon),43.147,-117.46,1473,Rift zone / Continental crust (>25 km),Eruption Dated,Basalt / Picro-Basalt,Rhyolite, , , , , , , , ,0,0,28,232946
311260,Kagamil,Stratovolcano,1929,United States,Alaska,Aleutian Islands,52.974,-169.72,893,Subduction zone / Intermediate crust (15-25 km),Eruption Observed,No Data (checked), , , , , , , , , ,0,0,0,7
312250,Kaguyak,Lava dome(s),-3850,United States,Alaska,Alaska Peninsula,58.6113,-154.0245,901,Subduction zone / Continental crust (>25 km),Eruption Dated,Dacite,Andesite / Basaltic Andesite, , , ,Rhyolite,Basalt / Picro-Basalt, , , ,0,0,0,60
332000,Kama'ehuakanaloa,Shield,1996,United States,Hawaii and Pacific Ocean,Hawaiian Islands,18.92,-155.27,-975,Intraplate / Oceanic crust (< 15 km),Eruption Observed,Basalt / Picro-Basalt, , , , ,Trachybasalt / Tephrite Basanite, , , , ,0,0,0,105623
311110,Kanaga,Stratovolcano,2023,United States,Alaska,Aleutian Islands,51.923,-177.168,1307,Subduction zone / Intermediate crust (15-25 km),Eruption Observed,Andesite / Basaltic Andesite,Trachyandesite / Basaltic Trachyandesite,Dacite,Basalt / Picro-Basalt, , , , , , ,0,0,0,0
311130,Kasatochi,Stratovolcano,2008,United States,Alaska,Aleutian Islands,52.177,-175.508,314,Subduction zone / Intermediate crust (15-25 km),Eruption Observed,Basalt / Picro-Basalt,Andesite / Basaltic Andesite,Dacite, , , , , , , ,0,0,0,276
284134,Kasuga 1,Stratovolcano,1959,United States,"Japan, Taiwan, Marianas","Izu, Volcano, and Mariana Islands",21.765,143.71,-598,Subduction zone / Crustal thickness unknown,Eruption Observed,Andesite / Basaltic Andesite, , , , , , , , , ,0,0,0,0
284135,Kasuga 2,Stratovolcano,Unknown,United States,"Japan, Taiwan, Marianas","Izu, Volcano, and Mariana Islands",21.6,143.637,-274,Subduction zone / Crustal thickness unknown,Evidence Credible,Basalt / Picro-Basalt,Andesite / Basaltic Andesite,Trachyandesite / Basaltic Trachyandesite, , ,Dacite, , , , ,0,0,0,0
312170,Katmai,Stratovolcano,1912,United States,Alaska,Alaska Peninsula,58.279,-154.9533,2047,Subduction zone / Continental crust (>25 km),Eruption Observed,Andesite / Basaltic Andesite,Dacite, , , ,Basalt / Picro-Basalt,Rhyolite, , , ,0,0,0,128
312120,Kialagvik,Stratovolcano,Unknown,United States,Alaska,Alaska Peninsula,57.203,-156.745,1677,Subduction zone / Continental crust (>25 km),Evidence Credible,Andesite / Basaltic Andesite,Dacite, , , , , , , , ,0,0,0,71
332010,Kilauea,Shield,2023,United States,Hawaii and Pacific Ocean,Hawaiian Islands,19.421,-155.287,1222,Intraplate / Oceanic crust (< 15 km),Eruption Observed,Basalt / Picro-Basalt, , , , , , , , , ,3122,3122,8495,169550
311020,Kiska,Stratovolcano,1990,United States,Alaska,Aleutian Islands,52.103,177.602,1220,Subduction zone / Intermediate crust (15-25 km),Eruption Observed,Andesite / Basaltic Andesite,Basalt / Picro-Basalt,Dacite, , , , , , , ,0,0,0,0
311140,Koniuji,Stratovolcano,-1150,United States,Alaska,Aleutian Islands,52.22,-175.13,273,Subduction zone / Intermediate crust (15-25 km),Eruption Dated,Andesite / Basaltic Andesite,Basalt / Picro-Basalt, , , , , , , , ,0,0,0,173
312230,Kukak,Stratovolcano,Unknown,United States,Alaska,Alaska Peninsula,58.453,-154.355,2043,Subduction zone / Continental crust (>25 km),Unrest / Holocene,Andesite / Basaltic Andesite,Dacite, , , , , , , , ,0,0,0,125
312060,Kupreanof,Stratovolcano,Unknown,United States,Alaska,Alaska Peninsula,56.011,-159.797,1895,Subduction zone / Continental crust (>25 km),Evidence Uncertain,Andesite / Basaltic Andesite,Basalt / Picro-Basalt, , , , , , , , ,0,0,11,969
323080,Lassen Volcanic Center,Stratovolcano,1917,United States,Canada and Western USA,USA (California),40.492,-121.508,3187,Subduction zone / Continental crust (>25 km),Eruption Observed,Andesite / Basaltic Andesite,Dacite,Rhyolite, , ,Basalt / Picro-Basalt, , , , ,0,9,2340,439135
320050,Level Mountain,Shield,Unknown,Canada,Canada and Western USA,Canada,58.42,-131.35,2164,Intraplate / Continental crust (>25 km),Evidence Uncertain,Trachyte / Trachydacite,Rhyolite,Basalt / Picro-Basalt,Trachybasalt / Tephrite Basanite,Phonolite, , , , , ,0,0,0,636
311050,Little Sitkin,Stratovolcano,1830,United States,Alaska,Aleutian Islands,51.95,178.543,1174,Subduction zone / Intermediate crust (15-25 km),Eruption Observed,Andesite / Basaltic Andesite,Dacite, , , , , , , , ,0,0,0,0
312150,Mageik,Stratovolcano,-500,United States,Alaska,Alaska Peninsula,58.195,-155.253,2165,Subduction zone / Continental crust (>25 km),Eruption Dated,Andesite / Basaltic Andesite,Dacite, , , , , , , , ,0,0,0,376
311310,Makushin,Stratovolcano,1995,United States,Alaska,Aleutian Islands,53.891,-166.923,1800,Subduction zone / Intermediate crust (15-25 km),Eruption Observed,Andesite / Basaltic Andesite,Basalt / Picro-Basalt,Trachyandesite / Basaltic Trachyandesite,Dacite, ,Trachyte / Trachydacite, , , , ,0,0,3437,3850
341091,"Malinche, La",Stratovolcano,-1170,Mexico,México and Central America,Mexico,19.231,-98.032,4461,Subduction zone / Continental crust (>25 km),Eruption Dated,Andesite / Basaltic Andesite,Dacite, , , , , , , , ,46,2769,2324232,8225539
244021,Malumalu,Stratovolcano,Unknown,United States,New Zealand to Fiji,Samoan and Wallis Islands,-14.601,-169.787,-145,Intraplate / Oceanic crust (< 15 km),Evidence Credible, , , , , , , , , , ,0,0,0,0
323150,Mammoth Mountain,Lava dome(s),1260,United States,Canada and Western USA,USA (California),37.631,-119.032,3369,Rift zone / Continental crust (>25 km),Eruption Dated,Trachyte / Trachydacite,Trachybasalt / Tephrite Basanite,Trachyandesite / Basaltic Trachyandesite, , ,Basalt / Picro-Basalt,Rhyolite, , , ,2220,6242,7745,77851
284305,Mariana Back-Arc Segment at 15.5°N,Fissure vent,2015,United States,"Japan, Taiwan, Marianas","Izu, Volcano, and Mariana Islands",15.406,144.506,-4100,Subduction zone / Oceanic crust (< 15 km),Eruption Dated, , , , , , , , , , ,0,0,0,0
327040,Markagunt Plateau,Volcanic field,1050,United States,Canada and Western USA,USA (Utah),37.58,-112.67,2840,Rift zone / Continental crust (>25 km),Evidence Credible,Basalt / Picro-Basalt,Andesite / Basaltic Andesite,Trachyte / Trachydacite, , ,Rhyolite, , , , ,970,970,1887,186184
312140,Martin,Stratovolcano,1953,United States,Alaska,Alaska Peninsula,58.172,-155.361,1863,Subduction zone / Continental crust (>25 km),Eruption Dated,Dacite,Andesite / Basaltic Andesite, , , , , , , , ,0,0,0,914
341031,Mascota Volcanic Field,Volcanic field,Unknown,Mexico,México and Central America,Mexico,20.567,-104.817,2525,Subduction zone / Continental crust (>25 km),Evidence Credible,Andesite / Basaltic Andesite,Trachybasalt / Tephrite Basanite,Trachyandesite / Basaltic Trachyandesite, , , , , , , ,16293,16293,31760,1083467
284143,Maug Islands,Stratovolcano,Unknown,United States,"Japan, Taiwan, Marianas","Izu, Volcano, and Mariana Islands",20.02,145.22,227,Subduction zone / Crustal thickness unknown,Unrest / Holocene,Basalt / Picro-Basalt,Andesite / Basaltic Andesite,Dacite, , , , , , , ,0,0,0,0
332030,Mauna Kea,Shield,-2460,United States,Hawaii and Pacific Ocean,Hawaiian Islands,19.82,-155.47,4205,Intraplate / Oceanic crust (< 15 km),Eruption Dated,Basalt / Picro-Basalt,Trachyandesite / Basaltic Trachyandesite,Trachybasalt / Tephrite Basanite, , , , , , , ,126,126,9950,166888
332020,Mauna Loa,Shield,2022,United States,Hawaii and Pacific Ocean,Hawaiian Islands,19.475,-155.608,4170,Intraplate / Oceanic crust (< 15 km),Eruption Observed,Basalt / Picro-Basalt, , , , , , , , , ,45,45,1906,175315
320180,Meager,Complex,-410,Canada,Canada and Western USA,Canada,50.63,-123.5,2680,Subduction zone / Continental crust (>25 km),Eruption Dated,Dacite,Andesite / Basaltic Andesite, , , ,Basalt / Picro-Basalt, , , , ,1,111,307,17662
323020,Medicine Lake,Shield,1060,United States,Canada and Western USA,USA (California),41.611,-121.554,2412,Subduction zone / Continental crust (>25 km),Eruption Dated,Basalt / Picro-Basalt,Andesite / Basaltic Andesite,Rhyolite, , ,Dacite, , , , ,0,0,254,120685
341060,Michoacan-Guanajuato,Volcanic field,1952,Mexico,México and Central America,Mexico,19.85,-101.75,3860,Subduction zone / Continental crust (>25 km),Eruption Observed,Andesite / Basaltic Andesite,Basalt / Picro-Basalt, , , ,Trachyandesite / Basaltic Trachyandesite,Trachybasalt / Tephrite Basanite,Dacite, , ,5783287,5783287,5783287,5783287
320120,Milbanke Sound Group,Pyroclastic cone(s),Unknown,Canada,Canada and Western USA,Canada,52.498,-128.723,233,Intraplate / Continental crust (>25 km),Evidence Credible,Basalt / Picro-Basalt, , , , , , , , , ,574,574,574,2792
311111,Moffett,Stratovolcano,-1600,United States,Alaska,Aleutian Islands,51.944,-176.747,1196,Subduction zone / Intermediate crust (15-25 km),Eruption Dated,Andesite / Basaltic Andesite,Basalt / Picro-Basalt, , , , , , , , ,0,0,0,0
323110,Mono Lake Volcanic Field,Volcanic field,1790,United States,Canada and Western USA,USA (California),38,-119.03,2121,Rift zone / Continental crust (>25 km),Eruption Dated,Dacite,Rhyolite,Basalt / Picro-Basalt, , , , , , , ,1066,1066,1491,65028
323120,Mono-Inyo Craters,Lava dome(s),1380,United States,Canada and Western USA,USA (California),37.804,-119.029,2796,Rift zone / Continental crust (>25 km),Eruption Dated,Rhyolite, , , , ,Dacite,Trachybasalt / Tephrite Basanite,Trachyandesite / Basaltic Trachyandesite, , ,558,7393,9048,82160
341095,Naolinco Volcanic Field,Volcanic field,-1200,Mexico,México and Central America,Mexico,19.67,-96.75,2000,Subduction zone / Continental crust (>25 km),Eruption Dated,Basalt / Picro-Basalt,Andesite / Basaltic Andesite,Trachybasalt / Tephrite Basanite, , ,Trachyandesite / Basaltic Trachyandesite,Trachyte / Trachydacite, , , ,108824,108824,739767,4184323
320140,Nazko,Pyroclastic cone(s),-5220,Canada,Canada and Western USA,Canada,52.928,-123.732,1238,Intraplate / Continental crust (>25 km),Eruption Dated,Trachybasalt / Tephrite Basanite,Basalt / Picro-Basalt, , , , , , , , ,4,8,674,25892
322110,Newberry,Shield,690,United States,Canada and Western USA,USA (Oregon),43.722,-121.229,2434,Subduction zone / Continental crust (>25 km),Eruption Dated,Andesite / Basaltic Andesite,Dacite,Basalt / Picro-Basalt,Rhyolite, , , , , , ,0,0,16437,180091
331031,North Gorda Ridge Segment,Fissure vent(s),1996,United States,Hawaii and Pacific Ocean,Pacific Ocean (northern),42.67,-126.78,-3000,Rift zone / Oceanic crust (< 15 km),Eruption Observed,Basalt / Picro-Basalt, , , , , , , , , ,0,0,0,0
334021,Northern EPR at 16°N,Fissure vent(s),-50,Mexico,Hawaii and Pacific Ocean,Pacific Ocean (eastern),15.83,-105.43,-2300,Rift zone / Oceanic crust (< 15 km),Eruption Dated,Basalt / Picro-Basalt, , , , , , , , , ,0,0,0,0
334020,Northern EPR at 17°N,Fissure vent(s),-50,Mexico,Hawaii and Pacific Ocean,Pacific Ocean (eastern),16.55,-105.32,-2700,Rift zone / Oceanic crust (< 15 km),Eruption Dated,Basalt / Picro-Basalt, , , , , , , , , ,0,0,0,0
312180,Novarupta,Caldera,1912,United States,Alaska,Alaska Peninsula,58.2655,-155.1588,841,Subduction zone / Continental crust (>25 km),Eruption Observed,Rhyolite,Dacite, , , ,Andesite / Basaltic Andesite, , , , ,0,0,0,667
284136,NW Eifuku,Stratovolcano,Unknown,United States,"Japan, Taiwan, Marianas","Izu, Volcano, and Mariana Islands",21.485,144.043,-1535,Subduction zone / Crustal thickness unknown,Unrest / Holocene,Basalt / Picro-Basalt,Andesite / Basaltic Andesite, , , , , , , , ,0,0,0,0
284211,NW Rota-1,Stratovolcano,2010,United States,"Japan, Taiwan, Marianas","Izu, Volcano, and Mariana Islands",14.601,144.775,-517,Subduction zone / Crustal thickness unknown,Eruption Observed,Basalt / Picro-Basalt,Andesite / Basaltic Andesite, , , , , , , , ,0,0,0,5988
244010,Ofu-Olosega,Shield(s),1866,United States,New Zealand to Fiji,Samoan and Wallis Islands,-14.175,-169.618,639,Subduction zone / Oceanic crust (< 15 km),Eruption Observed,Basalt / Picro-Basalt,Trachybasalt / Tephrite Basanite, , , , , , , , ,220,384,1387,1387
311290,Okmok,Shield,2008,United States,Alaska,Aleutian Islands,53.43,-168.13,1073,Subduction zone / Intermediate crust (15-25 km),Eruption Observed,Basalt / Picro-Basalt,Andesite / Basaltic Andesite, , , ,Dacite,Trachyte / Trachydacite,Rhyolite, , ,0,0,0,4
341100,"Orizaba, Pico de",Stratovolcano,1846,Mexico,México and Central America,Mexico,19.03,-97.27,5564,Subduction zone / Continental crust (>25 km),Eruption Observed,Andesite / Basaltic Andesite,Dacite, , , ,Rhyolite,Trachyandesite / Basaltic Trachyandesite,Trachyte / Trachydacite, , ,413,4469,759747,5962920
284170,Pagan,Stratovolcano(es),2021,United States,"Japan, Taiwan, Marianas","Izu, Volcano, and Mariana Islands",18.13,145.8,570,Subduction zone / Crustal thickness unknown,Eruption Observed,Basalt / Picro-Basalt,Andesite / Basaltic Andesite, , , , , , , , ,0,0,0,0
312030,Pavlof,Stratovolcano,2022,United States,Alaska,Alaska Peninsula,55.417,-161.894,2493,Subduction zone / Continental crust (>25 km),Eruption Observed,Andesite / Basaltic Andesite,Basalt / Picro-Basalt, , , , , , , , ,0,0,0,3002
312040,Pavlof Sister,Stratovolcano,Unknown,United States,Alaska,Alaska Peninsula,55.457,-161.854,2142,Subduction zone / Continental crust (>25 km),Evidence Credible,Basalt / Picro-Basalt, , , , , , , , , ,0,0,0,1860
341001,Pinacate,Volcanic field,Unknown,Mexico,México and Central America,Mexico,31.85,-113.5,1183,Subduction zone / Continental crust (>25 km),Evidence Credible,Basalt / Picro-Basalt,Trachybasalt / Tephrite Basanite,Trachyandesite / Basaltic Trachyandesite,Trachyte / Trachydacite, ,Andesite / Basaltic Andesite, , , , ,92,92,408,62753
341090,Popocatepetl,Stratovolcano(es),2024,Mexico,México and Central America,Mexico,19.023,-98.622,5393,Subduction zone / Continental crust (>25 km),Eruption Observed,Andesite / Basaltic Andesite,Dacite,Basalt / Picro-Basalt, , ,Trachyandesite / Basaltic Trachyandesite, , , , ,325,2584,634054,26509510
341000,"Prieto, Cerro",Lava dome,Unknown,Mexico,México and Central America,Mexico,32.418,-115.305,223,Rift zone / Continental crust (>25 km),Evidence Uncertain,Dacite,Basalt / Picro-Basalt,Andesite / Basaltic Andesite,Rhyolite, , , , , , ,4506,15945,571710,1308761
321030,Rainier,Stratovolcano,1450,United States,Canada and Western USA,USA (Washington),46.853,-121.76,4392,Subduction zone / Continental crust (>25 km),Eruption Dated,Andesite / Basaltic Andesite, , , , ,Dacite, , , , ,0,128,3187,2667609
311280,Recheschnoi,Stratovolcano,Unknown,United States,Alaska,Aleutian Islands,53.157,-168.539,1984,Subduction zone / Intermediate crust (15-25 km),Evidence Credible,Andesite / Basaltic Andesite,Basalt / Picro-Basalt,Rhyolite, , , , , , , ,0,0,0,17
327812,Red Hill,Volcanic field,-9450,United States,Canada and Western USA,USA (New Mexico),34.25,-108.83,2300,Rift zone / Continental crust (>25 km),Eruption Dated,Basalt / Picro-Basalt, , , , , , , , , ,0,0,0,0
313030,Redoubt,Stratovolcano,2009,United States,Alaska,Alaska (southwestern),60.485,-152.742,3108,Subduction zone / Continental crust (>25 km),Eruption Observed,Andesite / Basaltic Andesite,Basalt / Picro-Basalt, , , ,Dacite,Trachyandesite / Basaltic Trachyandesite,Rhyolite, , ,0,0,1,32410
311380,Roundtop,Stratovolcano,-7600,United States,Alaska,Aleutian Islands,54.8,-163.589,1871,Subduction zone / Continental crust (>25 km),Eruption Dated,Rhyolite, , , , , , , , , ,0,0,10,1079
284202,Ruby,Stratovolcano,2023,United States,"Japan, Taiwan, Marianas","Izu, Volcano, and Mariana Islands",15.605,145.572,174,Subduction zone / Crustal thickness unknown,Eruption Observed,Basalt / Picro-Basalt, , , , , , , , , ,0,0,0,80613
323200,Salton Buttes,Lava dome(s),210,United States,Canada and Western USA,USA (California),33.197,-115.616,-40,Rift zone / Continental crust (>25 km),Eruption Dated,Rhyolite, , , , , , , , , ,227,408,38579,1214088
341007,San Borja Volcanic Field,Volcanic field,Unknown,Mexico,México and Central America,Mexico,28.5,-113.75,1360,Rift zone / Continental crust (>25 km),Evidence Credible,Andesite / Basaltic Andesite,Trachyandesite / Basaltic Trachyandesite, , , ,Basalt / Picro-Basalt, , , , ,722,722,2558,45359
329020,San Francisco Volcanic Field,Volcanic field,1075,United States,Canada and Western USA,USA (Arizona),35.347,-111.678,3850,Rift zone / Continental crust (>25 km),Eruption Dated,Basalt / Picro-Basalt,Trachyandesite / Basaltic Trachyandesite,Trachyte / Trachydacite,Dacite,Rhyolite, , , , , ,23157,23157,70472,190983
341003,"San Luis, Isla",Tuff cone,Unknown,Mexico,México and Central America,Mexico,29.97,-114.4,180,Rift zone / Continental crust (>25 km),Evidence Credible,Rhyolite,Dacite,Andesite / Basaltic Andesite,Basalt / Picro-Basalt, ,Trachyandesite / Basaltic Trachyandesite, , , , ,0,1,606,18532
341110,San Martin,Volcanic field,1796,Mexico,México and Central America,Mexico,18.57,-95.2,1650,Subduction zone / Continental crust (>25 km),Eruption Observed,Trachybasalt / Tephrite Basanite,Basalt / Picro-Basalt, , , , , , , , ,280,3581,259640,1645811
322040,Sand Mountain Field,Volcanic field,-950,United States,Canada and Western USA,USA (Oregon),44.38,-121.93,1664,Subduction zone / Continental crust (>25 km),Eruption Dated,Basalt / Picro-Basalt,Andesite / Basaltic Andesite, , , , , , , , ,89,89,1574,519291
341024,Sanganguey,Stratovolcano,Unknown,Mexico,México and Central America,Mexico,21.45,-104.73,2340,Subduction zone / Continental crust (>25 km),Evidence Credible,Andesite / Basaltic Andesite,Dacite,Basalt / Picro-Basalt,Trachybasalt / Tephrite Basanite,Trachyte / Trachydacite, , , , , ,101,7622,403964,993475
284192,Sarigan,Stratovolcano,Unknown,United States,"Japan, Taiwan, Marianas","Izu, Volcano, and Mariana Islands",16.708,145.78,538,Subduction zone / Crustal thickness unknown,Evidence Credible,Andesite / Basaltic Andesite,Basalt / Picro-Basalt, , , , , , , , ,0,0,0,0
284230,Seamount X,Stratovolcano,Unknown,United States,"Japan, Taiwan, Marianas","Izu, Volcano, and Mariana Islands",13.25,144.02,-1230,Subduction zone / Crustal thickness unknown,Unrest / Holocene,Basalt / Picro-Basalt, , , , , , , , , ,0,0,0,167168
311180,Seguam,Stratovolcano(es),1993,United States,Alaska,Aleutian Islands,52.315,-172.51,1054,Subduction zone / Intermediate crust (15-25 km),Eruption Observed,Andesite / Basaltic Andesite,Dacite,Basalt / Picro-Basalt, , ,Rhyolite, , , , ,0,0,0,0
311030,Segula,Stratovolcano,Unknown,United States,Alaska,Aleutian Islands,52.015,178.136,1160,Subduction zone / Intermediate crust (15-25 km),Evidence Credible,Andesite / Basaltic Andesite,Basalt / Picro-Basalt, , , , , , , , ,0,0,0,0
311060,Semisopochnoi,Stratovolcano,2023,United States,Alaska,Aleutian Islands,51.93,179.58,1221,Subduction zone / Intermediate crust (15-25 km),Eruption Observed,Basalt / Picro-Basalt,Andesite / Basaltic Andesite,Dacite,Trachyandesite / Basaltic Trachyandesite, , , , , , ,0,0,0,0
341092,Serdan-Oriental,Volcanic field,Unknown,Mexico,México and Central America,Mexico,19.27,-97.47,3485,Subduction zone / Continental crust (>25 km),Evidence Credible,Rhyolite,Andesite / Basaltic Andesite,Dacite, , ,Trachyandesite / Basaltic Trachyandesite,Basalt / Picro-Basalt, , , ,93158,93158,211350,7672879
323010,Shasta,Stratovolcano,1250,United States,Canada and Western USA,USA (California),41.409,-122.193,4317,Subduction zone / Continental crust (>25 km),Eruption Observed,Andesite / Basaltic Andesite,Dacite, , , ,Basalt / Picro-Basalt, , , , ,0,35,19785,265016
311360,Shishaldin,Stratovolcano,2023,United States,Alaska,Aleutian Islands,54.756,-163.97,2857,Subduction zone / Continental crust (>25 km),Eruption Observed,Basalt / Picro-Basalt,Andesite / Basaltic Andesite, , , ,Dacite,Trachyte / Trachydacite,Rhyolite, , ,0,0,10,197
320160,Silverthrone,Caldera,Unknown,Canada,Canada and Western USA,Canada,51.5179,-126.1133,2860,Subduction zone / Continental crust (>25 km),Evidence Credible,Andesite / Basaltic Andesite,Rhyolite,Dacite, , , , , , , ,7,7,67,1278
312200,Snowy Mountain,Stratovolcano(es),1710,United States,Alaska,Alaska Peninsula,58.336,-154.682,2162,Subduction zone / Continental crust (>25 km),Eruption Dated,Andesite / Basaltic Andesite,Dacite, , , , , , , , ,0,0,0,248
341021,Socorro,Shield,1994,Mexico,México and Central America,Mexico,18.78,-110.95,1050,Rift zone / Oceanic crust (< 15 km),Eruption Observed,Trachyte / Trachydacite,Rhyolite,Trachybasalt / Tephrite Basanite,Basalt / Picro-Basalt,Trachyandesite / Basaltic Trachyandesite, , , , , ,0,0,0,0
326010,Soda Lakes,Maar(s),Unknown,United States,Canada and Western USA,USA (Nevada),39.525,-118.8778,1251,Rift zone / Continental crust (>25 km),Evidence Credible,Basalt / Picro-Basalt, , , , , , , , , ,1616,11149,25655,557259
284193,South Sarigan Seamount,Stratovolcano,2010,United States,"Japan, Taiwan, Marianas","Izu, Volcano, and Mariana Islands",16.58,145.78,-184,Subduction zone / Crustal thickness unknown,Eruption Observed,No Data (checked), , , , , , , , , ,0,0,0,0
320070,Spectrum Range,Shield,Unknown,Canada,Canada and Western USA,Canada,57.43,-130.68,2430,Intraplate / Continental crust (>25 km),Evidence Credible,Rhyolite,Trachyte / Trachydacite,Trachybasalt / Tephrite Basanite,Basalt / Picro-Basalt, , , , , , ,0,0,0,386
313040,Spurr,Stratovolcano,1992,United States,Alaska,Alaska (southwestern),61.299,-152.251,3374,Subduction zone / Continental crust (>25 km),Eruption Observed,Andesite / Basaltic Andesite, , , , ,Dacite,Basalt / Picro-Basalt,Rhyolite, , ,0,0,0,11097
321050,St. Helens,Stratovolcano,2008,United States,Canada and Western USA,USA (Washington),46.2,-122.18,2549,Subduction zone / Continental crust (>25 km),Eruption Observed,Dacite,Andesite / Basaltic Andesite,Basalt / Picro-Basalt,Trachybasalt / Tephrite Basanite,Trachyandesite / Basaltic Trachyandesite, , , , , ,78,427,2221,2173101
314040,St. Michael,Volcanic field,Unknown,United States,Alaska,Alaska (western),63.45,-162.12,715,Intraplate / Continental crust (>25 km),Evidence Credible,Basalt / Picro-Basalt,Trachybasalt / Tephrite Basanite, , , , , , , , ,662,662,662,2625
314010,St. Paul Island,Shield,-1280,United States,Alaska,Alaska (western),57.167,-170.213,203,Intraplate / Continental crust (>25 km),Eruption Dated,Trachybasalt / Tephrite Basanite,Basalt / Picro-Basalt, , , ,Rhyolite, , , , ,582,582,582,783
312220,Steller,Stratovolcano,Unknown,United States,Alaska,Alaska Peninsula,58.43,-154.4,2272,Subduction zone / Continental crust (>25 km),Evidence Credible,Andesite / Basaltic Andesite,Dacite, , , , , , , , ,0,0,0,118
312055,Stepovak Bay Group,Volcanic field,Unknown,United States,Alaska,Alaska Peninsula,55.917,-160.017,1633,Subduction zone / Continental crust (>25 km),Evidence Credible, , , , , , , , , , ,0,0,0,0
284142,Supply Reef,Stratovolcano,Unknown,United States,"Japan, Taiwan, Marianas","Izu, Volcano, and Mariana Islands",20.13,145.1,-8,Subduction zone / Crustal thickness unknown,Evidence Uncertain,Andesite / Basaltic Andesite, , , , , , , , , ,0,0,0,0
341130,Tacana,Stratovolcano,1986,Mexico-Guatemala,México and Central America,Mexico,15.132,-92.109,4064,Subduction zone / Continental crust (>25 km),Eruption Observed,Andesite / Basaltic Andesite,Trachyandesite / Basaltic Trachyandesite, , , ,Dacite,Basalt / Picro-Basalt, , , ,3032,20932,598594,4523701
311090,Takawangha,Stratovolcano,1550,United States,Alaska,Aleutian Islands,51.873,-178.006,1449,Subduction zone / Intermediate crust (15-25 km),Eruption Dated,Basalt / Picro-Basalt,Andesite / Basaltic Andesite, , , ,Dacite, , , , ,0,0,0,0
311241,Tana,Stratovolcano(es),Unknown,United States,Alaska,Aleutian Islands,52.83,-169.77,1170,Subduction zone / Intermediate crust (15-25 km),Evidence Credible,Rhyolite, , , , , , , , , ,0,0,0,8
311080,Tanaga,Stratovolcano(es),1914,United States,Alaska,Aleutian Islands,51.885,-178.146,1806,Subduction zone / Intermediate crust (15-25 km),Eruption Observed,Basalt / Picro-Basalt,Andesite / Basaltic Andesite, , , ,Dacite, , , , ,0,0,0,0
244001,Ta'u,Shield,Unknown,United States,New Zealand to Fiji,Samoan and Wallis Islands,-14.23,-169.454,931,Subduction zone / Oceanic crust (< 15 km),Evidence Credible,Basalt / Picro-Basalt,Trachybasalt / Tephrite Basanite, , , , , , , , ,95,1154,1538,1538
322070,Three Sisters,Complex,439,United States,Canada and Western USA,USA (Oregon),44.133,-121.767,3159,Subduction zone / Continental crust (>25 km),Eruption Dated,Andesite / Basaltic Andesite,Basalt / Picro-Basalt,Dacite, , ,Rhyolite, , , , ,0,0,5672,279885
315060,Tlevak Strait-Suemez Island,Volcanic field,Unknown,United States,Alaska,Alaska (eastern),55.25,-133.3,50,Subduction zone / Continental crust (>25 km),Evidence Credible,Basalt / Picro-Basalt, , , , , , , , , ,0,0,1596,6552
341070,"Toluca, Nevado de",Stratovolcano,-1350,Mexico,México and Central America,Mexico,19.108,-99.758,4680,Subduction zone / Continental crust (>25 km),Eruption Dated,Andesite / Basaltic Andesite,Dacite, , , ,Trachyte / Trachydacite,Trachyandesite / Basaltic Trachyandesite, , , ,126,1240,1626432,25247342
341011,"Tortuga, Isla",Shield,Unknown,Mexico,México and Central America,Mexico,27.438,-111.881,224,Rift zone / Continental crust (>25 km),Evidence Credible,Basalt / Picro-Basalt, , , , ,Andesite / Basaltic Andesite, , , , ,0,0,401,26978
312160,Trident,Stratovolcano,1974,United States,Alaska,Alaska Peninsula,58.236,-155.1,1864,Subduction zone / Continental crust (>25 km),Eruption Observed,Andesite / Basaltic Andesite,Dacite, , , , , , , , ,0,0,0,117
320100,Tseax River Cone,Pyroclastic cone,1690,Canada,Canada and Western USA,Canada,55.1109,-128.8991,612,Intraplate / Continental crust (>25 km),Eruption Dated,Basalt / Picro-Basalt, , , , , , , , , ,0,0,928,23623
244020,Tutuila,Tuff cone(s),440,United States,New Zealand to Fiji,Samoan and Wallis Islands,-14.2903,-170.7019,653,Subduction zone / Oceanic crust (< 15 km),Eruption Dated,Basalt / Picro-Basalt,Andesite / Basaltic Andesite,Trachyte / Trachydacite, , , , , , , ,16653,49763,56239,67387
320031,Tuya Volcanic Field,Volcanic field,Unknown,Canada,Canada and Western USA,Canada,59.37,-130.58,2123,Intraplate / Continental crust (>25 km),Evidence Credible,Basalt / Picro-Basalt,Foidite, , , , , , , , ,0,0,0,665
323160,Ubehebe Craters,Maar(s),-150,United States,Canada and Western USA,USA (California),37.02,-117.45,752,Rift zone / Continental crust (>25 km),Eruption Dated,Basalt / Picro-Basalt, , , , , , , , , ,18,94,262,15354
312130,Ugashik-Peulik,Stratovolcano,1814,United States,Alaska,Alaska Peninsula,57.751,-156.368,1474,Subduction zone / Continental crust (>25 km),Eruption Observed,Andesite / Basaltic Andesite,Basalt / Picro-Basalt,Dacite,Rhyolite, , , , , , ,0,0,0,102
329010,Uinkaret Field,Volcanic field,1100,United States,Canada and Western USA,USA (Arizona),36.38,-113.13,1555,Rift zone / Continental crust (>25 km),Eruption Dated,Trachybasalt / Tephrite Basanite, , , , ,Basalt / Picro-Basalt, , , , ,92,92,170,149617
312131,Ukinrek Maars,Maar(s),1977,United States,Alaska,Alaska Peninsula,57.8344,-156.5203,91,Subduction zone / Continental crust (>25 km),Eruption Observed,Basalt / Picro-Basalt,Dacite, , , , , , , , ,0,0,0,739
311250,Uliaga,Stratovolcano,Unknown,United States,Alaska,Aleutian Islands,53.065,-169.77,888,Subduction zone / Intermediate crust (15-25 km),Evidence Credible,No Data (checked), , , , , , , , , ,0,0,0,19
312132,Unnamed,Lava dome,Unknown,United States,Alaska,Alaska Peninsula,57.87,-155.411,402,Subduction zone / Continental crust (>25 km),Evidence Credible,No Data (checked), , , , , , , , , ,0,0,0,88
244000,Vailulu'u,Shield,2003,United States,New Zealand to Fiji,Samoan and Wallis Islands,-14.215,-169.058,-592,Subduction zone / Oceanic crust (< 15 km),Eruption Observed,Basalt / Picro-Basalt, , , , , , , , , ,0,0,0,1387
312070,Veniaminof,Stratovolcano,2021,United States,Alaska,Alaska Peninsula,56.17,-159.38,2507,Subduction zone / Continental crust (>25 km),Eruption Observed,Andesite / Basaltic Andesite,Basalt / Picro-Basalt,Dacite, , , , , , , ,0,0,0,542
311270,Vsevidof,Stratovolcano,1878,United States,Alaska,Aleutian Islands,53.13,-168.693,2149,Subduction zone / Intermediate crust (15-25 km),Eruption Observed,Andesite / Basaltic Andesite,Dacite, , , , , , , , ,0,0,6,6
324030,Wapi Lava Field,Shield,-300,United States,Canada and Western USA,USA (Idaho),42.886,-113.216,1597,Rift zone / Continental crust (>25 km),Eruption Dated,Basalt / Picro-Basalt, , , , , , , , , ,6,6,1394,172539
320150,Wells Gray-Clearwater,Volcanic field,1550,Canada,Canada and Western USA,Canada,52.33,-120.57,2576,Intraplate / Continental crust (>25 km),Eruption Dated,Basalt / Picro-Basalt,Trachybasalt / Tephrite Basanite, , , , , , , , ,716,716,716,18280
321060,West Crater,Volcanic field,-5750,United States,Canada and Western USA,USA (Washington),45.88,-122.08,1329,Subduction zone / Continental crust (>25 km),Eruption Dated,Andesite / Basaltic Andesite,Basalt / Picro-Basalt, , , , , , , , ,505,505,14359,2225092
331005,West Valley Segment,Fissure vent,Unknown,Canada,Hawaii and Pacific Ocean,Pacific Ocean (northern),48.78,-128.64,-2550,Rift zone / Intermediate crust (15-25 km),Unrest / Holocene, , , , , , , , , , ,0,0,0,0
311340,Westdahl,Stratovolcano?,1992,United States,Alaska,Aleutian Islands,54.516,-164.65,1563,Subduction zone / Continental crust (>25 km),Eruption Observed,Basalt / Picro-Basalt,Trachyandesite / Basaltic Trachyandesite,Andesite / Basaltic Andesite, , ,Trachyte / Trachydacite,Dacite, , , ,0,0,0,305
315020,Wrangell,Shield,1912,United States,Alaska,Alaska (eastern),62.006,-144.017,4278,Intraplate / Continental crust (>25 km),Eruption Observed,Andesite / Basaltic Andesite,Dacite, , , , , , , , ,0,0,0,1844
312100,Yantarni,Stratovolcano,-800,United States,Alaska,Alaska Peninsula,57.019,-157.185,1345,Subduction zone / Continental crust (>25 km),Eruption Dated,Andesite / Basaltic Andesite,Dacite, , , , , , , , ,0,0,0,190
311210,Yunaska,Shield,1937,United States,Alaska,Aleutian Islands,52.6394,-170.6317,550,Subduction zone / Intermediate crust (15-25 km),Eruption Observed,Andesite / Basaltic Andesite,Basalt / Picro-Basalt,Dacite, , , , , , , ,0,0,0,0
284191,Zealandia Bank,Stratovolcano,Unknown,United States,"Japan, Taiwan, Marianas","Izu, Volcano, and Mariana Islands",16.88,145.85,0,Subduction zone / Crustal thickness unknown,Unrest / Holocene,Basalt / Picro-Basalt,Andesite / Basaltic Andesite, , , , , , , , ,0,0,0,0
341061,Zitacuaro-Valle de Bravo,Volcanic field,-3050,Mexico,México and Central America,Mexico,19.4,-100.25,3500,Subduction zone / Continental crust (>25 km),Eruption Dated,Dacite,Andesite / Basaltic Andesite,Basalt / Picro-Basalt, , ,Trachyandesite / Basaltic Trachyandesite,Trachybasalt / Tephrite Basanite, , , ,231977,231977,490440,4838069
327120,Zuni-Bandera,Volcanic field,-1170,United States,Canada and Western USA,USA (New Mexico),34.8,-108,2550,Rift zone / Continental crust (>25 km),Eruption Dated,Basalt / Picro-Basalt, , , , , , , , , ,18,18,246,54738